travel_time,id,kind,action,origin,destination,start_time,reward,cost_table
3.183333333333333,318,AV,0,11,20,573,4.177277777777777,"0,0,0,0"
4.65,273,AV,2,16,9,481,4.177277777777777,"0,0,0,0"
6.083333333333333,13,AV,3,6,5,31,4.177277777777777,"0,0,0,0"
8.783333333333333,467,AV,2,7,66,873,4.177277777777777,"0,0,0,0"
5.516666666666667,202,AV,3,4,20,354,4.177277777777777,"0,0,0,0"
5.016666666666667,306,AV,1,11,20,546,4.177277777777777,"0,0,0,0"
6.816666666666666,291,AV,3,16,10,517,4.177277777777777,"0,0,0,0"
5.883333333333334,345,AV,3,7,10,667,4.177277777777777,"0,0,0,0"
4.216666666666667,14,AV,1,1,1,33,4.177277777777777,"0,0,0,0"
4.533333333333333,44,AV,0,4,3,93,4.177277777777777,"0,0,0,0"
3.3333333333333335,337,AV,3,54,1,622,4.177277777777777,"0,0,0,0"
6.666666666666667,223,AV,2,11,3,384,4.177277777777777,"0,0,0,0"
3.5166666666666666,72,AV,2,8,15,150,4.177277777777777,"0,0,0,0"
5.233333333333333,455,AV,0,4,3,859,4.177277777777777,"0,0,0,0"
5.233333333333333,242,AV,0,42,20,418,4.177277777777777,"0,0,0,0"
5.616666666666666,97,AV,3,4,3,191,4.177277777777777,"0,0,0,0"
4.8,27,AV,0,11,3,73,4.177277777777777,"0,0,0,0"
2.7,139,AV,3,29,3,264,4.177277777777777,"0,0,0,0"
5.716666666666667,201,AV,3,11,3,353,4.177277777777777,"0,0,0,0"
4.133333333333334,174,AV,3,8,32,323,4.177277777777777,"0,0,0,0"
4.95,114,AV,1,4,3,226,4.177277777777777,"0,0,0,0"
5.183333333333334,245,AV,0,4,20,423,4.177277777777777,"0,0,0,0"
11.383333333333333,176,AV,3,0,16,324,4.177277777777777,"0,0,0,0"
5.85,182,AV,0,16,10,331,4.177277777777777,"0,0,0,0"
3.0833333333333335,411,AV,0,7,9,780,4.177277777777777,"0,0,0,0"
7.166666666666667,475,AV,1,1,10,887,4.177277777777777,"0,0,0,0"
3.7,207,AV,3,4,38,362,4.177277777777777,"0,0,0,0"
5.6,150,AV,0,11,3,283,4.177277777777777,"0,0,0,0"
5.066666666666666,409,AV,3,11,60,779,4.177277777777777,"0,0,0,0"
2.9833333333333334,451,AV,0,64,64,851,4.177277777777777,"0,0,0,0"
6.383333333333334,231,AV,3,11,3,399,4.177277777777777,"0,0,0,0"
6.116666666666666,136,AV,3,11,3,260,4.177277777777777,"0,0,0,0"
5.566666666666666,457,AV,1,17,5,861,4.177277777777777,"0,0,0,0"
5.633333333333334,45,AV,0,11,3,94,4.177277777777777,"0,0,0,0"
6.483333333333333,261,AV,2,11,2,453,4.177277777777777,"0,0,0,0"
3.1333333333333333,9,AV,3,5,2,25,4.177277777777777,"0,0,0,0"
3.683333333333333,414,AV,0,7,4,782,4.177277777777777,"0,0,0,0"
4.616666666666666,301,AV,1,4,20,533,4.177277777777777,"0,0,0,0"
4.75,30,AV,2,4,3,77,4.177277777777777,"0,0,0,0"
3.75,195,AV,1,1,1,346,4.177277777777777,"0,0,0,0"
5.516666666666667,124,AV,1,7,10,236,4.177277777777777,"0,0,0,0"
3.533333333333333,365,AV,3,7,4,688,4.177277777777777,"0,0,0,0"
1.9833333333333334,40,AV,3,0,3,88,4.177277777777777,"0,0,0,0"
6.066666666666666,437,AV,0,1,1,815,4.177277777777777,"0,0,0,0"
2.6333333333333333,368,AV,1,47,2,693,4.177277777777777,"0,0,0,0"
4.1,23,AV,2,7,9,61,4.177277777777777,"0,0,0,0"
6.816666666666666,426,AV,2,8,16,798,4.177277777777777,"0,0,0,0"
3.5,18,AV,1,9,8,56,4.177277777777777,"0,0,0,0"
5.85,142,AV,2,4,3,267,4.177277777777777,"0,0,0,0"
5.633333333333334,115,AV,1,7,10,226,4.177277777777777,"0,0,0,0"
4.083333333333333,479,AV,1,8,0,894,4.177277777777777,"0,0,0,0"
5.566666666666666,11,AV,2,4,3,28,4.177277777777777,"0,0,0,0"
3.933333333333333,357,AV,1,0,3,680,4.177277777777777,"0,0,0,0"
4.166666666666667,90,AV,1,11,3,181,4.177277777777777,"0,0,0,0"
4.3,141,AV,1,11,3,267,4.177277777777777,"0,0,0,0"
4.65,76,AV,2,4,3,155,4.177277777777777,"0,0,0,0"
2.45,278,AV,2,46,3,487,4.177277777777777,"0,0,0,0"
2.966666666666667,388,AV,1,66,1,736,4.177277777777777,"0,0,0,0"
4.333333333333333,69,AV,0,8,9,142,4.177277777777777,"0,0,0,0"
5.233333333333333,330,AV,2,7,10,611,4.177277777777777,"0,0,0,0"
3.6,130,AV,3,17,22,245,4.177277777777777,"0,0,0,0"
4.5,276,AV,3,16,44,483,4.177277777777777,"0,0,0,0"
5.85,410,AV,3,0,5,780,4.177277777777777,"0,0,0,0"
6.366666666666666,156,AV,1,8,9,292,4.177277777777777,"0,0,0,0"
4.7,450,AV,0,17,5,851,4.177277777777777,"0,0,0,0"
2.8833333333333333,221,AV,0,37,41,383,4.177277777777777,"0,0,0,0"
6.45,101,AV,3,25,10,197,4.177277777777777,"0,0,0,0"
4.083333333333333,361,AV,0,7,10,684,4.177277777777777,"0,0,0,0"
4.083333333333333,362,AV,1,59,10,686,4.177277777777777,"0,0,0,0"
6.5,444,AV,2,1,10,822,4.177277777777777,"0,0,0,0"
8.05,428,AV,2,0,5,802,4.177277777777777,"0,0,0,0"
0.8,70,AV,0,13,14,149,4.177277777777777,"0,0,0,0"
2.8333333333333335,468,AV,0,21,39,874,4.177277777777777,"0,0,0,0"
2.716666666666667,492,AV,0,0,52,901,4.177277777777777,"0,0,0,0"
5.85,100,AV,0,11,3,195,4.177277777777777,"0,0,0,0"
8.2,191,AV,0,17,36,340,4.177277777777777,"0,0,0,0"
3.6666666666666665,66,AV,3,19,12,140,4.177277777777777,"0,0,0,0"
5.233333333333333,350,AV,3,4,40,676,4.177277777777777,"0,0,0,0"
2.4833333333333334,17,AV,2,8,7,55,4.177277777777777,"0,0,0,0"
5.616666666666666,194,AV,3,1,10,343,4.177277777777777,"0,0,0,0"
7.15,351,AV,0,8,10,676,4.177277777777777,"0,0,0,0"
5.333333333333333,413,AV,0,1,4,782,4.177277777777777,"0,0,0,0"
6.366666666666666,235,AV,2,4,20,403,4.177277777777777,"0,0,0,0"
4.3,249,AV,3,11,20,429,4.177277777777777,"0,0,0,0"
4.583333333333333,440,AV,2,1,1,817,4.177277777777777,"0,0,0,0"
4.216666666666667,125,AV,0,7,9,238,4.177277777777777,"0,0,0,0"
3.3833333333333333,50,AV,3,16,5,106,4.177277777777777,"0,0,0,0"
4.083333333333333,370,AV,0,7,10,694,4.177277777777777,"0,0,0,0"
8.083333333333334,429,AV,2,0,5,803,4.177277777777777,"0,0,0,0"
6.066666666666666,390,AV,2,4,5,741,4.177277777777777,"0,0,0,0"
4.433333333333334,157,AV,1,4,29,292,4.177277777777777,"0,0,0,0"
4.4,65,AV,0,7,9,139,4.177277777777777,"0,0,0,0"
6.6,436,AV,2,1,10,814,4.177277777777777,"0,0,0,0"
6.683333333333334,487,AV,1,0,5,898,4.177277777777777,"0,0,0,0"
3.066666666666667,193,AV,0,11,4,342,4.177277777777777,"0,0,0,0"
8.266666666666667,431,AV,3,0,5,804,4.177277777777777,"0,0,0,0"
6.633333333333334,378,AV,3,7,10,711,4.177277777777777,"0,0,0,0"
7.6,80,AV,0,11,3,164,4.177277777777777,"0,0,0,0"
3.3333333333333335,355,AV,3,7,55,680,4.177277777777777,"0,0,0,0"
7.816666666666666,499,AV,3,0,2,907,4.177277777777777,"0,0,0,0"
6.066666666666666,29,AV,1,11,2,77,4.177277777777777,"0,0,0,0"
5.4,226,AV,0,11,3,389,4.177277777777777,"0,0,0,0"
4.466666666666667,336,AV,1,7,9,618,4.177277777777777,"0,0,0,0"
5.766666666666667,277,AV,0,16,10,484,4.177277777777777,"0,0,0,0"
4.666666666666667,423,AV,2,11,3,794,4.177277777777777,"0,0,0,0"
7.166666666666667,241,AV,0,4,2,414,4.177277777777777,"0,0,0,0"
2.7,48,AV,0,4,4,101,4.177277777777777,"0,0,0,0"
4.483333333333333,325,AV,3,17,5,600,4.177277777777777,"0,0,0,0"
5.366666666666666,419,AV,3,7,10,788,4.177277777777777,"0,0,0,0"
5.416666666666667,224,AV,0,11,3,386,4.177277777777777,"0,0,0,0"
2.55,6,AV,2,4,4,13,4.177277777777777,"0,0,0,0"
5.333333333333333,279,AV,3,1,1,491,4.177277777777777,"0,0,0,0"
5.25,319,AV,2,8,48,578,4.177277777777777,"0,0,0,0"
4.95,75,AV,0,13,4,154,4.177277777777777,"0,0,0,0"
4.9,287,AV,3,21,4,512,4.177277777777777,"0,0,0,0"
4.95,243,AV,0,11,3,419,4.177277777777777,"0,0,0,0"
5.316666666666666,421,AV,0,0,2,794,4.177277777777777,"0,0,0,0"
4.883333333333334,305,AV,1,17,5,541,4.177277777777777,"0,0,0,0"
3.7333333333333334,476,AV,2,8,68,889,4.177277777777777,"0,0,0,0"
8.25,106,AV,3,17,3,204,4.177277777777777,"0,0,0,0"
6.266666666666667,292,AV,2,7,1,521,4.177277777777777,"0,0,0,0"
6.383333333333334,121,AV,2,4,3,233,4.177277777777777,"0,0,0,0"
6.666666666666667,496,AV,0,0,2,905,4.177277777777777,"0,0,0,0"
5.6,349,AV,2,7,10,675,4.177277777777777,"0,0,0,0"
4.266666666666667,443,AV,1,4,20,820,4.177277777777777,"0,0,0,0"
7.55,183,AV,3,17,3,332,4.177277777777777,"0,0,0,0"
4.316666666666666,416,AV,0,7,10,784,4.177277777777777,"0,0,0,0"
3.4166666666666665,366,AV,1,7,9,691,4.177277777777777,"0,0,0,0"
6.883333333333334,326,AV,0,16,10,603,4.177277777777777,"0,0,0,0"
3.15,314,AV,2,0,3,563,4.177277777777777,"0,0,0,0"
5.483333333333333,296,AV,1,4,5,524,4.177277777777777,"0,0,0,0"
3.3833333333333333,403,AV,2,4,4,775,4.177277777777777,"0,0,0,0"
5.65,181,AV,3,8,9,330,4.177277777777777,"0,0,0,0"
3.9,219,AV,1,11,3,382,4.177277777777777,"0,0,0,0"
6.166666666666667,167,AV,2,32,9,306,4.177277777777777,"0,0,0,0"
4.9,60,AV,1,4,3,133,4.177277777777777,"0,0,0,0"
4.816666666666666,192,AV,3,11,3,340,4.177277777777777,"0,0,0,0"
2.216666666666667,312,AV,1,52,20,555,4.177277777777777,"0,0,0,0"
1.5833333333333333,168,AV,0,33,9,307,4.177277777777777,"0,0,0,0"
5.683333333333334,324,AV,1,4,5,599,4.177277777777777,"0,0,0,0"
2.9833333333333334,399,AV,0,7,9,770,4.177277777777777,"0,0,0,0"
6.616666666666666,435,AV,1,0,2,811,4.177277777777777,"0,0,0,0"
4.966666666666667,480,AV,3,1,1,894,4.177277777777777,"0,0,0,0"
6.35,265,AV,2,4,5,459,4.177277777777777,"0,0,0,0"
7.066666666666666,237,AV,2,4,5,412,4.177277777777777,"0,0,0,0"
4.016666666666667,21,AV,2,10,5,58,4.177277777777777,"0,0,0,0"
4.866666666666666,353,AV,1,7,9,678,4.177277777777777,"0,0,0,0"
3.6333333333333333,230,AV,1,4,4,398,4.177277777777777,"0,0,0,0"
3.9166666666666665,129,AV,0,4,20,245,4.177277777777777,"0,0,0,0"
1.85,348,AV,1,58,3,674,4.177277777777777,"0,0,0,0"
3.9833333333333334,151,AV,1,11,3,285,4.177277777777777,"0,0,0,0"
5.666666666666667,256,AV,2,11,20,450,4.177277777777777,"0,0,0,0"
3.2,185,AV,1,16,12,335,4.177277777777777,"0,0,0,0"
5.616666666666666,250,AV,3,16,10,434,4.177277777777777,"0,0,0,0"
4.433333333333334,204,AV,3,4,20,356,4.177277777777777,"0,0,0,0"
2.966666666666667,446,AV,1,0,62,824,4.177277777777777,"0,0,0,0"
5.733333333333333,200,AV,3,4,3,351,4.177277777777777,"0,0,0,0"
2.3333333333333335,407,AV,3,0,3,778,4.177277777777777,"0,0,0,0"
5.55,5,AV,3,4,3,12,4.177277777777777,"0,0,0,0"
2.816666666666667,384,AV,0,64,1,729,4.177277777777777,"0,0,0,0"
3.75,137,AV,1,28,9,261,4.177277777777777,"0,0,0,0"
4.233333333333333,62,AV,1,16,5,135,4.177277777777777,"0,0,0,0"
7.816666666666666,175,AV,0,4,33,323,4.177277777777777,"0,0,0,0"
4.516666666666667,304,AV,3,11,20,537,4.177277777777777,"0,0,0,0"
4.483333333333333,373,AV,1,7,9,697,4.177277777777777,"0,0,0,0"
7.033333333333333,424,AV,3,0,5,796,4.177277777777777,"0,0,0,0"
4.3,177,AV,3,4,34,324,4.177277777777777,"0,0,0,0"
5.466666666666667,363,AV,2,7,10,686,4.177277777777777,"0,0,0,0"
6.366666666666666,497,AV,2,4,5,905,4.177277777777777,"0,0,0,0"
4.983333333333333,377,AV,0,7,10,710,4.177277777777777,"0,0,0,0"
7.2,339,AV,2,11,4,637,4.177277777777777,"0,0,0,0"
2.9,12,AV,3,0,3,30,4.177277777777777,"0,0,0,0"
6.2,73,AV,1,4,16,152,4.177277777777777,"0,0,0,0"
4.25,225,AV,0,11,20,387,4.177277777777777,"0,0,0,0"
5.333333333333333,164,AV,0,11,3,301,4.177277777777777,"0,0,0,0"
6.466666666666667,311,AV,3,4,5,552,4.177277777777777,"0,0,0,0"
2.95,186,AV,3,21,35,335,4.177277777777777,"0,0,0,0"
2.9,239,AV,1,40,20,413,4.177277777777777,"0,0,0,0"
4.0,464,AV,0,75,1,869,4.177277777777777,"0,0,0,0"
5.083333333333333,286,AV,1,1,1,508,4.177277777777777,"0,0,0,0"
6.583333333333333,379,AV,2,17,5,714,4.177277777777777,"0,0,0,0"
3.1,448,AV,1,73,2,833,4.177277777777777,"0,0,0,0"
3.5166666666666666,425,AV,0,0,3,797,4.177277777777777,"0,0,0,0"
4.366666666666666,269,AV,1,21,43,465,4.177277777777777,"0,0,0,0"
5.066666666666666,334,AV,0,7,10,616,4.177277777777777,"0,0,0,0"
4.133333333333334,452,AV,0,4,20,852,4.177277777777777,"0,0,0,0"
2.6333333333333333,260,AV,2,31,2,453,4.177277777777777,"0,0,0,0"
1.8666666666666667,280,AV,3,47,20,495,4.177277777777777,"0,0,0,0"
3.8333333333333335,369,AV,3,60,5,694,4.177277777777777,"0,0,0,0"
5.333333333333333,211,AV,0,11,3,374,4.177277777777777,"0,0,0,0"
2.1,244,AV,3,4,10,423,4.177277777777777,"0,0,0,0"
5.766666666666667,196,AV,0,11,3,347,4.177277777777777,"0,0,0,0"
5.183333333333334,172,AV,3,4,3,320,4.177277777777777,"0,0,0,0"
4.3,92,AV,3,4,3,183,4.177277777777777,"0,0,0,0"
4.316666666666666,146,AV,0,11,26,271,4.177277777777777,"0,0,0,0"
4.283333333333333,258,AV,1,11,4,451,4.177277777777777,"0,0,0,0"
6.033333333333333,93,AV,3,4,3,186,4.177277777777777,"0,0,0,0"
3.533333333333333,459,AV,1,7,9,861,4.177277777777777,"0,0,0,0"
1.9,143,AV,0,30,25,268,4.177277777777777,"0,0,0,0"
4.466666666666667,149,AV,0,1,1,281,4.177277777777777,"0,0,0,0"
8.05,0,Human,0,0,0,5,-8.05,"-8.049537614313142,-8.07571131671672,-8.18923702938096,-8.254408872913476"
4.266666666666667,1,Human,1,1,1,5,-4.266666666666667,"-4.250251559771622,-4.233477098171392,-4.2411863511938215,-4.31794227967084"
0.6333333333333333,2,Human,0,2,2,11,-0.6333333333333333,"-0.6333333454168971,-1.310544909108352,-3.4010860355661343,-6.968603352067967"
3.1666666666666665,3,Human,3,0,3,11,-3.1666666666666665,"-3.143264878617532,-3.1980066741691897,-3.167161631226894,-3.13334195000016"
3.1,4,Human,0,3,3,11,-3.1,"-3.095313641235416,-3.135385823375291,-3.1215772036573752,-3.16017295732692"
5.283333333333333,7,Human,1,4,3,15,-5.283333333333333,"-5.3048206488263165,-5.286667971494097,-5.317956853583523,-5.326263347629217"
5.333333333333333,8,Human,1,4,3,17,-5.333333333333333,"-5.663069328840291,-5.4074148086595395,-5.658790129669767,-5.59066454460608"
5.133333333333334,10,Human,1,4,3,26,-5.133333333333334,"-5.2477433150328965,-5.162571557338488,-5.24497877040248,-5.2438937690181975"
5.0,15,Human,1,4,3,37,-5.0,"-5.139196661050365,-5.021804147694059,-5.02735637040248,-5.048707761881226"
0.85,16,Human,0,7,6,39,-0.85,"-0.8500091820011014,-1.050407967362611,-1.9828099562359145,-1.7689318636021725"
4.133333333333334,19,Human,0,8,9,57,-4.133333333333334,"-4.11993414158758,-4.209187727361427,-4.176942781835557,-4.158037162338768"
4.633333333333334,20,Human,1,4,3,57,-4.633333333333334,"-4.861917328840292,-4.634551186602996,-4.666200995420542,-4.655482035684864"
3.25,22,Human,0,11,4,60,-3.25,"-3.2501655960928484,-3.2615939387435913,-3.509711212501158,-3.2689308016874103"
4.2,24,Human,1,12,10,69,-4.2,"-4.549977435656739,-4.190663096791819,-4.819613827758659,-4.566748287615411"
2.8333333333333335,25,Human,1,11,3,72,-2.8333333333333335,"-3.0028407475301133,-2.8333364178037104,-3.0853057565718864,-2.9147564857476467"
2.4166666666666665,26,Human,0,13,11,72,-2.4166666666666665,"-2.4021524879755676,-2.477549441662914,-2.441025318932181,-2.470433230256019"
4.283333333333333,28,Human,1,11,3,75,-4.283333333333333,"-4.38250518501581,-4.300426497851073,-4.376918864373835,-4.369911140365585"
4.35,31,Human,1,11,3,79,-4.35,"-4.494838551587201,-4.44337153259525,-4.492807673800626,-4.460198990866498"
1.4166666666666667,32,Human,1,0,12,80,-1.4166666666666667,"-1.5824550054556061,-1.4166666720283834,-1.7353931820616333,-1.713404386543426"
4.3,33,Human,1,4,3,81,-4.3,"-4.4172239955069585,-4.3618428824190385,-4.45688457760901,-4.3988966842803325"
3.4,34,Human,2,13,4,82,-3.4,"-3.4694152671003606,-3.4475044227626253,-3.4028111554507587,-3.507042169265114"
2.283333333333333,35,Human,0,14,3,82,-2.283333333333333,"-2.290221071574409,-2.3308261193504753,-2.343653228614666,-2.4998095825803324"
4.35,36,Human,1,11,3,82,-4.35,"-4.413803570188335,-4.395665030763824,-4.411409880698139,-4.429656738583123"
5.15,37,Human,1,0,2,82,-5.15,"-5.242207648959079,-5.134813206978205,-5.267957477285772,-5.3351374978681525"
4.266666666666667,38,Human,1,4,3,83,-4.266666666666667,"-4.310583327717031,-4.292314424246489,-4.34875797040248,-4.322552544606079"
4.25,39,Human,1,4,3,86,-4.25,"-4.417729159646289,-4.328326073463032,-4.4292845776090095,-4.387296684280332"
4.233333333333333,41,Human,1,11,3,89,-4.233333333333333,"-4.5847369035216685,-4.322282458409861,-4.3740765473648064,-4.561030923228904"
4.216666666666667,42,Human,1,11,3,91,-4.216666666666667,"-4.313454462735419,-4.283186901044082,-4.34980988069814,-4.577830923228903"
6.533333333333333,43,Human,2,11,2,92,-6.533333333333333,"-6.54414111929742,-6.68835195395411,-6.533555802226901,-6.550225672158588"
5.85,46,Human,0,11,13,96,-5.85,"-5.849789632189768,-5.9088754334352,-5.889824905797171,-5.850089009608004"
1.1333333333333333,47,Human,0,15,1,101,-1.1333333333333333,"-1.149940403265628,-1.2982083892364769,-2.5921691175285866,-1.3116600672562104"
5.283333333333333,49,Human,1,4,3,105,-5.283333333333333,"-5.334031143791121,-5.2938736545548775,-5.304644247724254,-5.315785320108707"
5.25,51,Human,1,4,3,109,-5.25,"-5.273238602959651,-5.264265109073254,-5.28576225433019,-5.27531993283406"
1.6666666666666667,52,Human,0,0,12,112,-1.6666666666666667,"-1.6773262567836364,-1.7288926843768466,-1.7353931820616333,-1.713404386543426"
4.966666666666667,53,Human,2,17,5,119,-4.966666666666667,"-4.9688244240098545,-4.9659140966714075,-4.962730087187456,-4.966309421674254"
4.683333333333334,54,Human,0,7,10,125,-4.683333333333334,"-4.675611241780156,-4.851870334994972,-4.87749396674848,-4.718715067976218"
4.35,55,Human,0,18,2,127,-4.35,"-4.365343929016964,-4.56487982271044,-4.463946857264778,-4.409053331882732"
3.75,56,Human,3,7,4,128,-3.75,"-3.7681602418900715,-3.7631517233767955,-3.766135017737704,-3.755072233736658"
4.4,57,Human,3,1,1,129,-4.4,"-5.219278002870848,-5.242250137125489,-5.219582761277055,-4.387511782863204"
4.116666666666666,58,Human,0,7,10,131,-4.116666666666666,"-4.126547990156265,-4.231290914703721,-4.404189070472292,-4.389287168303605"
3.966666666666667,59,Human,2,1,1,132,-3.966666666666667,"-4.493595462143158,-4.468684386463587,-3.9691348727127367,-4.578401328076229"
5.25,61,Human,0,1,1,134,-5.25,"-5.205424688126427,-5.227318274628821,-5.225135145489446,-5.236633982663552"
4.333333333333333,63,Human,0,7,10,136,-4.333333333333333,"-4.342109838747165,-4.570040489661639,-4.545616898435601,-4.584368401309551"
5.033333333333333,64,Human,1,1,1,136,-5.033333333333333,"-4.887232127334597,-4.296851868004202,-4.889862080825382,-4.872691431803851"
2.85,67,Human,0,20,3,141,-2.85,"-2.854808489170824,-2.8626579556893845,-3.2576528477481705,-2.9369418206447446"
3.6,68,Human,3,7,4,141,-3.6,"-3.6040433561180567,-3.6048444359945293,-3.606512469500517,-3.595208649843428"
4.25,71,Human,0,8,9,149,-4.25,"-4.227737194925673,-4.255210984379353,-4.337345143961112,-4.255391249199465"
4.516666666666667,74,Human,1,4,3,154,-4.516666666666667,"-4.635063327717031,-4.559409915453315,-4.6403474630031,-4.60273555350498"
4.116666666666666,77,Human,2,21,17,158,-4.116666666666666,"-4.070394584229724,-4.235851956162145,-3.947294185173314,-4.0447901306646425"
4.0,78,Human,0,22,9,160,-4.0,"-4.058197743768463,-4.111301940748165,-4.070330336494706,-4.145961324463644"
2.5833333333333335,79,Human,0,4,18,160,-2.5833333333333335,"-2.580219722464845,-4.891784827263223,-3.1181637241457145,-2.6475873308116133"
4.416666666666667,81,Human,1,11,3,166,-4.416666666666667,"-4.3923574849205345,-4.275485449783227,-4.388635940467292,-4.433246071916456"
1.95,82,Human,0,23,2,167,-1.95,"-1.9273944139352244,-1.9527887373778443,-1.9625206950973335,-1.9656281290549342"
5.766666666666667,83,Human,1,11,3,169,-5.766666666666667,"-5.538657462349143,-4.997402842778515,-5.793951780467292,-5.541044815487893"
4.283333333333333,84,Human,1,11,3,171,-4.283333333333333,"-5.6967313954458225,-5.692324247441539,-5.707296781892588,-5.748525076185073"
5.683333333333334,85,Human,1,11,3,172,-5.683333333333334,"-5.049405522817335,-4.303948169029887,-4.8149876569801435,-4.8787496959909395"
2.8333333333333335,86,Human,0,11,4,176,-2.8333333333333335,"-2.834154339086359,-2.838807425358408,-3.0309723489597804,-2.852575721068645"
4.2,87,Human,1,11,3,178,-4.2,"-5.6466621189967965,-5.578739211385896,-5.61278467778592,-5.600273781861091"
5.783333333333333,88,Human,3,11,3,179,-5.783333333333333,"-5.236325180383452,-5.208905444810726,-5.226742125584115,-4.519651656340539"
4.133333333333334,89,Human,1,4,3,181,-4.133333333333334,"-4.411062492979621,-4.173719579531775,-4.465684577609009,-4.337563350946999"
4.95,91,Human,1,0,2,181,-4.95,"-5.219600564373199,-4.973100959849086,-5.051024179940547,-5.281590607085654"
5.55,94,Human,1,4,3,188,-5.55,"-5.655711996405566,-5.609435740174626,-5.808992796336432,-5.647704014090932"
2.1,95,Human,0,24,19,189,-2.1,"-2.0937050427117505,-2.209103243313164,-2.187372674051622,-3.1657627485839543"
5.466666666666667,96,Human,1,4,3,189,-5.466666666666667,"-5.607158842261054,-5.535169996049834,-5.565697773057587,-5.595231992670651"
5.416666666666667,98,Human,1,4,3,192,-5.416666666666667,"-5.555724414159651,-5.4372180228653555,-5.655376796336434,-5.559054657504981"
5.883333333333334,99,Human,0,1,1,194,-5.883333333333334,"-5.8959839816773805,-5.898205371354675,-5.899160209269726,-5.896766678970447"
5.333333333333333,102,Human,1,4,3,199,-5.333333333333333,"-5.661479995506959,-5.440503358887382,-5.7136434630031,-5.594269877939414"
2.933333333333333,103,Human,0,0,3,201,-2.933333333333333,"-2.9311132508730093,-2.991023009378154,-2.9811387057002836,-2.933307410232448"
1.5833333333333333,104,Human,0,0,12,203,-1.5833333333333333,"-1.5806391366462973,-1.59707401771018,-1.7353931820616333,-1.713404386543426"
5.283333333333333,105,Human,1,4,3,204,-5.283333333333333,"-5.351271995506958,-5.3009401491831785,-5.357161410390922,-5.50357654460608"
5.116666666666666,107,Human,1,4,3,212,-5.116666666666666,"-5.590791995506958,-5.264757967212908,-5.329027662087208,-5.511437877939413"
4.416666666666667,108,Human,0,4,20,213,-4.416666666666667,"-4.489978184517251,-4.680882924866185,-4.633702079094845,-4.623936270395556"
6.033333333333333,109,Human,2,1,10,220,-6.033333333333333,"-6.031624069747984,-6.031487842731739,-6.031437418764941,-6.031756142475082"
4.416666666666667,110,Human,0,4,20,221,-4.416666666666667,"-4.337460714118349,-4.562803656082732,-4.448635412428179,-4.556509016316444"
3.35,111,Human,1,26,3,221,-3.35,"-3.456474533398594,-3.3937828953581697,-3.4648641999940244,-3.4163629304385674"
4.6,112,Human,0,7,9,223,-4.6,"-4.5507106401398065,-4.6314165644502046,-4.576616866794831,-4.671404027607393"
3.6666666666666665,113,Human,3,7,4,225,-3.6666666666666665,"-3.786762427220438,-3.789127964140068,-3.7971405593129792,-3.773657648068249"
4.416666666666667,116,Human,0,7,9,228,-4.416666666666667,"-4.41803672577437,-4.5088969208934975,-4.448364293735546,-4.488309414274059"
7.783333333333333,117,Human,2,17,3,229,-7.783333333333333,"-7.9004378757452995,-7.881888362211996,-7.801588291373664,-7.894545975674432"
3.816666666666667,118,Human,3,7,4,230,-3.816666666666667,"-3.8464116318386004,-3.849734004892718,-3.8560664496273347,-3.8352206389781243"
4.5,119,Human,0,7,10,231,-4.5,"-5.407767196529201,-5.521392274761371,-5.5255057821168565,-5.535385154705127"
3.8,120,Human,0,7,4,233,-3.8,"-3.818229107658593,-3.8247517700346023,-3.8233566094099567,-3.8235595063636127"
4.383333333333334,122,Human,0,7,10,234,-4.383333333333334,"-4.955151044053746,-5.390132021129265,-5.3887233922003075,-5.400496269302331"
4.2,123,Human,2,0,21,235,-4.2,"-4.200651025371488,-4.3287206154865565,-4.189219187115432,-4.489946205500779"
2.316666666666667,126,Human,0,8,21,238,-2.316666666666667,"-2.3190085381009222,-2.4005615716650954,-2.3666013978699048,-2.3349944297373373"
5.616666666666666,127,Human,0,27,2,240,-5.616666666666666,"-5.338515608312809,-5.787445755740477,-5.709322072261015,-5.6957831778782975"
5.333333333333333,128,Human,1,16,10,245,-5.333333333333333,"-5.4315151791472225,-5.387610045032893,-5.49606044242669,-5.552321660903648"
5.233333333333333,131,Human,1,16,10,246,-5.233333333333333,"-5.380108496888036,-5.334133705254749,-5.617639109093355,-5.359495088722919"
4.466666666666667,132,Human,1,11,3,248,-4.466666666666667,"-4.827376903521669,-4.524420350152216,-4.818274571225179,-4.73976340524979"
4.066666666666666,133,Human,3,16,9,248,-4.066666666666666,"-4.177118392400728,-4.281055476819958,-4.151567084487507,-4.1375258366224745"
4.383333333333334,134,Human,1,11,3,249,-4.383333333333334,"-4.452774582349143,-4.010516672350825,-4.442407904558513,-4.421124857533165"
5.816666666666666,135,Human,1,4,3,258,-5.816666666666666,"-6.228826663072233,-6.030886529503531,-6.227255037069147,-6.132470835684864"
1.7,138,Human,1,0,23,262,-1.7,"-1.8531202084544507,-1.6862107275471248,-1.9255325112500326,-1.9343259589160755"
3.1166666666666667,140,Human,3,4,24,265,-3.1166666666666667,"-3.649029447585005,-3.3026532406716766,-3.3265970633506545,-3.2020009068280397"
5.683333333333334,144,Human,1,4,3,269,-5.683333333333334,"-5.321829481909812,-4.366189171600275,-5.270705005057588,-5.345519964517694"
5.566666666666666,145,Human,1,11,3,269,-5.566666666666666,"-5.550210486349143,-5.156072512362606,-5.561016100467292,-5.503576784656982"
5.516666666666667,147,Human,1,11,3,272,-5.516666666666667,"-5.858319694603095,-5.570142328798051,-5.678474392250782,-5.618713538232251"
6.983333333333333,148,Human,0,4,16,280,-6.983333333333333,"-6.991710730335584,-7.065301422138747,-7.021127187290571,-7.072753963098925"
2.6166666666666667,152,Human,0,16,12,286,-2.6166666666666667,"-2.6175053312842036,-2.837979892432135,-2.843881221891204,-2.922439886249676"
1.9833333333333334,153,Human,1,16,27,288,-1.9833333333333334,"-2.2121951402879367,-1.977281522398003,-2.100812852138696,-2.2906778492534525"
4.033333333333333,154,Human,0,11,28,289,-4.033333333333333,"-4.292083633682887,-4.7786384847963665,-4.760406728450919,-4.848320916017956"
4.783333333333333,155,Human,3,16,9,289,-4.783333333333333,"-4.793799275555738,-4.845043505164774,-4.804214954722635,-4.780486786276358"
0.95,158,Human,0,31,2,293,-0.95,"-0.900218549176825,-1.4011332970913348,-1.7062506211988038,-1.9857952828359569"
5.283333333333333,159,Human,1,4,3,293,-5.283333333333333,"-5.565730662173625,-5.343410998875879,-5.593120796336434,-5.379005877939413"
5.316666666666666,160,Human,1,4,3,295,-5.316666666666666,"-5.549794662173626,-5.391290785514825,-5.4626543287538745,-5.5392298779394125"
5.266666666666667,161,Human,1,4,3,296,-5.266666666666667,"-5.544866662173625,-5.334935978733198,-5.5727954630031,-5.539886302351531"
5.233333333333333,162,Human,1,4,3,298,-5.233333333333333,"-5.546553596405567,-5.2153230357144125,-5.3435367963364335,-5.291674035684865"
3.7333333333333334,163,Human,1,11,3,299,-3.7333333333333334,"-4.798710551587201,-4.724615576040508,-4.777977325584115,-4.8744676726932"
4.7,165,Human,3,16,30,305,-4.7,"-4.726888182734456,-4.744785185216362,-4.742949501759686,-4.683653063115101"
4.75,166,Human,3,17,5,305,-4.75,"-4.756749325399354,-4.755586714353517,-4.7553010363424395,-4.752655587752184"
4.566666666666666,169,Human,3,4,31,308,-4.566666666666666,"-4.704495348317229,-4.70264416212743,-5.056905602383275,-4.569645009104"
2.5833333333333335,170,Human,0,0,3,315,-2.5833333333333335,"-2.5853587001453,-2.621299664822966,-2.6388907012375316,-2.593248574497369"
2.6,171,Human,0,0,3,317,-2.6,"-2.6139600706137274,-2.647966331489633,-2.6688907012375314,-2.626268012975721"
2.4,173,Human,0,0,3,320,-2.4,"-2.4218140170668847,-2.509039731858373,-2.537779227656692,-2.442520176667033"
4.166666666666667,178,Human,0,8,9,326,-4.166666666666667,"-4.202878266780358,-4.271245885868451,-4.530300892135113,-4.266654719590127"
3.25,179,Human,1,34,10,329,-3.25,"-3.2482510253594077,-3.245084741178312,-3.322139201763585,-3.307548900443691"
5.75,180,Human,0,8,9,329,-5.75,"-4.299665846490873,-4.403928787503483,-4.617742781835558,-4.551450399487658"
4.566666666666666,184,Human,1,11,3,335,-4.566666666666666,"-4.807803570188335,-4.661827351953297,-4.846941237891846,-4.765350923228903"
4.533333333333333,187,Human,1,11,3,336,-4.533333333333333,"-4.741325522817334,-4.549110432999011,-4.700674571225179,-4.723262457533165"
4.066666666666666,188,Human,3,16,9,337,-4.066666666666666,"-4.116232419067394,-4.230655476819958,-4.082698759822315,-4.039918703875395"
5.666666666666667,189,Human,1,16,10,338,-5.666666666666667,"-6.136688084271919,-5.5136930972151665,-5.745382219700028,-5.815682410619102"
3.85,190,Human,3,1,1,339,-3.85,"-4.584642400230723,-4.60061810084979,-4.600405362368894,-4.2215940698618715"
6.083333333333333,197,Human,2,0,2,347,-6.083333333333333,"-6.411523417310624,-6.69051351125906,-6.12793643375829,-6.379708203862285"
3.5166666666666666,198,Human,1,13,37,348,-3.5166666666666666,"-3.5713091393791356,-3.527073042885779,-3.593024066358004,-3.7530828036326125"
4.233333333333333,199,Human,1,11,3,351,-4.233333333333333,"-4.345987796068751,-4.225557937657068,-4.485554571225179,-4.378974071916455"
6.633333333333334,203,Human,0,0,2,355,-6.633333333333334,"-6.904117980457614,-7.194630067946854,-7.072066570881971,-7.162768747008952"
5.083333333333333,205,Human,0,4,20,357,-5.083333333333333,"-5.053748421567156,-5.143879673226282,-5.130539997287368,-5.251770037109192"
4.983333333333333,206,Human,0,4,20,359,-4.983333333333333,"-5.209179216547067,-5.3412744052476935,-5.268298664496562,-5.3296313704425256"
4.133333333333334,208,Human,1,11,3,366,-4.133333333333334,"-4.278521129402085,-4.248215170765359,-4.305276547364806,-4.49081758989557"
4.95,209,Human,0,4,20,368,-4.95,"-4.962320817377226,-5.133314339892949,-5.119868329942543,-5.086369879719822"
3.1,210,Human,1,35,3,370,-3.1,"-3.0990736143973487,-3.0988752619748854,-3.098929450990933,-3.1022727521273277"
3.3333333333333335,212,Human,0,36,20,375,-3.3333333333333335,"-3.312888016652574,-3.399797629525372,-3.717211343463071,-3.592679778792567"
4.783333333333333,213,Human,1,0,39,376,-4.783333333333333,"-5.017385487773294,-4.800959636415779,-4.944773402351753,-4.925011227662234"
6.066666666666666,214,Human,1,16,10,377,-6.066666666666666,"-6.639227971646929,-6.340162682730293,-6.457090317189134,-6.590820177645002"
6.333333333333333,215,Human,3,1,10,378,-6.333333333333333,"-6.3340041969162435,-6.350566577538837,-6.3502569093105325,-6.3329153516674985"
6.166666666666667,216,Human,0,11,2,379,-6.166666666666667,"-4.69457651747913,-4.7591614500832735,-4.759742827111227,-4.772089238983138"
3.3,217,Human,0,11,40,380,-3.3,"-3.5433780940111337,-3.655713462922966,-3.5624109593009305,-3.9577436797861925"
5.1,218,Human,1,8,9,381,-5.1,"-5.129474554325151,-5.114590936748254,-5.176697581418543,-5.147578399487658"
4.383333333333334,220,Human,1,1,1,382,-4.383333333333334,"-4.168759858059071,-4.136153970446235,-4.153823344899089,-4.151876638468956"
4.783333333333333,222,Human,0,8,9,383,-4.783333333333333,"-6.490065964611162,-6.6283213573355635,-6.668187380374757,-6.619095252923461"
4.316666666666666,227,Human,0,38,10,390,-4.316666666666666,"-4.733617982215232,-4.8155898883765,-4.812226760453493,-4.99817395182165"
4.483333333333333,228,Human,0,4,20,395,-4.483333333333333,"-4.552359342230293,-4.661789591532853,-4.732321663275877,-4.7176658797198225"
0.6166666666666667,229,Human,0,16,5,396,-0.6166666666666667,"-0.6172345871251868,-1.694644092338159,-1.0860939048045422,-1.2390377173187488"
4.35,232,Human,0,4,20,399,-4.35,"-4.6400009106623195,-4.8085629248661865,-4.682635412428178,-4.762039213053156"
4.45,233,Human,0,4,20,400,-4.45,"-4.574124934794707,-4.944589006559616,-4.710347997287369,-4.725570570442525"
5.983333333333333,234,Human,1,4,20,402,-5.983333333333333,"-4.881032021011278,-4.817069591532853,-5.043179997287368,-4.822375682983112"
6.283333333333333,236,Human,3,4,20,411,-6.283333333333333,"-4.639849781669695,-4.774082924866187,-4.728748329942542,-4.606428546386489"
3.0,238,Human,0,39,9,413,-3.0,"-2.965789736112037,-3.1087242950803935,-3.078683843991161,-3.0605195518092048"
4.15,240,Human,0,41,2,414,-4.15,"-4.156432449929346,-4.298492460402448,-4.191204882628839,-4.260028198810122"
4.316666666666666,246,Human,1,16,10,424,-4.316666666666666,"-4.717781417605252,-4.525513206587846,-4.74420138494796,-4.725505928495282"
4.416666666666667,247,Human,1,11,3,427,-4.416666666666667,"-4.484206097879314,-4.446210982865967,-4.513985360373833,-4.468207971065802"
3.0,248,Human,0,43,20,429,-3.0,"-3.109658535948516,-3.627033535718103,-3.6630363030875133,-3.8837064290030487"
2.1,251,Human,0,0,3,435,-2.1,"-2.0868882692626194,-2.2557912476953743,-2.277780043213581,-2.093697731187417"
3.5166666666666666,252,Human,0,11,20,438,-3.5166666666666666,"-3.743720715524308,-3.885728959171862,-3.8687607155173085,-3.8197949068180197"
4.483333333333333,253,Human,1,1,1,446,-4.483333333333333,"-4.7037230897145275,-4.503146957582264,-4.519830742057785,-4.528683570337505"
4.733333333333333,254,Human,3,1,1,448,-4.733333333333333,"-4.801034109104956,-4.81087018723557,-4.775668967714729,-4.70004933194027"
3.966666666666667,255,Human,0,17,5,450,-3.966666666666667,"-3.9517919756350155,-3.9809498281097904,-4.184063435021237,-4.02783778265806"
5.166666666666667,257,Human,1,1,42,450,-5.166666666666667,"-5.401009866756997,-5.1394914278701025,-5.480355626411425,-5.356109778003686"
4.766666666666667,259,Human,3,1,1,452,-4.766666666666667,"-5.161551890997739,-5.267601671111141,-5.215986773539138,-4.844617121144962"
6.05,262,Human,0,1,1,455,-6.05,"-5.162028406448661,-5.453677915022245,-5.424660653300462,-5.443656560741387"
4.666666666666667,263,Human,0,4,20,456,-4.666666666666667,"-4.713038516029565,-4.935474339892949,-4.889067997287368,-4.796791213053156"
4.666666666666667,264,Human,0,4,20,458,-4.666666666666667,"-4.709296809479749,-4.910679673226282,-4.917307997287368,-4.985009879719822"
3.15,266,Human,0,44,20,462,-3.15,"-3.4345467776881837,-3.499714716408897,-3.520788558014999,-3.4633571890175805"
4.416666666666667,267,Human,1,21,4,462,-4.416666666666667,"-4.463765489072355,-4.428185017992016,-4.688189492256514,-4.644863331469377"
3.033333333333333,268,Human,3,0,3,464,-3.033333333333333,"-3.032677614508658,-3.0432889274537143,-3.0393042739543534,-3.029733395669206"
7.033333333333333,270,Human,2,43,2,468,-7.033333333333333,"-6.049939497947582,-6.015518705976302,-5.2875894872406475,-6.012171387115659"
1.0166666666666666,271,Human,1,45,10,474,-1.0166666666666666,"-1.2608605176652377,-1.0770900588778698,-1.1276765711912289,-1.117757798536425"
3.933333333333333,272,Human,0,11,4,474,-3.933333333333333,"-3.8733471713466128,-3.8828948421384784,-4.081688970000926,-3.873416962256774"
6.333333333333333,274,Human,0,4,5,481,-6.333333333333333,"-6.128252428345657,-6.153351022923318,-6.175442365773508,-6.163611845773783"
1.25,275,Human,0,2,2,482,-1.25,"-1.2487038124538963,-1.310544909108352,-3.4010860355661343,-6.968603352067967"
5.2,281,Human,2,1,1,495,-5.2,"-5.244721864405809,-5.26098684135407,-5.210147992138105,-5.248536126666193"
5.15,282,Human,2,1,1,500,-5.15,"-5.168065632794439,-5.165033263056866,-5.14445831786024,-5.171803511682304"
4.0,283,Human,0,4,20,500,-4.0,"-4.102790103984302,-4.4230850065596155,-4.399734663954035,-4.396801879719823"
1.3166666666666667,284,Human,0,48,3,504,-1.3166666666666667,"-1.2994775056917218,-1.3469472742300663,-1.9859290008299932,-1.3189111440112404"
2.4,285,Human,1,49,3,507,-2.4,"-2.4327739918204716,-2.432762035360789,-2.4482709283449386,-2.507928533544448"
4.483333333333333,288,Human,0,50,12,515,-4.483333333333333,"-4.377001352015819,-4.630988516699487,-4.610610148438209,-4.651010518115086"
2.3666666666666667,289,Human,0,22,20,515,-2.3666666666666667,"-2.440688511086343,-2.5165467292748636,-2.585587323482309,-2.545630961383834"
1.3333333333333333,290,Human,1,16,45,516,-1.3333333333333333,"-1.43316321373805,-1.3379987530000241,-1.8941149822059853,-1.485339475574247"
1.4833333333333334,293,Human,0,16,46,521,-1.4833333333333334,"-2.000881437669921,-2.1178036231051096,-2.0717389514077773,-2.0424836889399387"
3.3666666666666667,294,Human,0,7,4,522,-3.3666666666666667,"-3.3541662480106105,-3.3625267928418316,-3.3887845164548276,-3.360509612207641"
2.4166666666666665,295,Human,0,11,20,524,-2.4166666666666665,"-2.8846521077471516,-2.9744706233825418,-2.8994024391614093,-3.0290545419031547"
4.25,297,Human,0,17,5,525,-4.25,"-4.248564159104302,-4.499759889990266,-4.34709074801699,-4.370110226126449"
4.066666666666666,298,Human,0,11,47,528,-4.066666666666666,"-4.033736376640749,-4.289236953650864,-4.343714155693691,-4.418781936869511"
5.116666666666666,299,Human,1,11,5,529,-5.116666666666666,"-5.148544351717466,-5.12124396929423,-5.148816464277502,-5.167285305786517"
2.033333333333333,300,Human,0,51,20,531,-2.033333333333333,"-2.0644790209121284,-2.17989689871629,-2.257940536617815,-2.244189637842178"
5.266666666666667,302,Human,1,4,5,534,-5.266666666666667,"-5.28383278664576,-5.267658117302075,-5.354098518434811,-5.289992853148166"
5.266666666666667,303,Human,0,4,5,536,-5.266666666666667,"-5.309160568129096,-5.339941246574253,-5.501073284784081,-5.33737865162257"
3.3833333333333333,307,Human,0,11,20,547,-3.3833333333333333,"-3.5899096311950593,-3.8827431673374897,-3.8366885724138466,-3.903548740363533"
4.733333333333333,308,Human,0,17,5,548,-4.733333333333333,"-4.719415354142271,-4.819213147473347,-4.777207636318033,-4.770255262443409"
5.05,309,Human,3,11,5,549,-5.05,"-5.308788403558893,-5.133355229825935,-5.06253344073199,-5.051293760365022"
6.35,310,Human,1,11,5,551,-6.35,"-6.385470884280256,-6.370837633675369,-6.390876231825635,-6.3808779904306245"
4.783333333333333,313,Human,1,0,2,562,-4.783333333333333,"-5.316453784831892,-4.716303142423032,-5.2534768052029195,-5.3459631195373785"
2.85,315,Human,0,0,3,564,-2.85,"-2.877820178481786,-2.9114343301349486,-2.940131177318545,-2.906863947540961"
4.683333333333334,316,Human,0,0,2,565,-4.683333333333334,"-4.6989604959698905,-4.9500867792093,-5.0047516884952845,-5.008439989252477"
2.7666666666666666,317,Human,0,0,3,572,-2.7666666666666666,"-2.8053335135905133,-2.824767009378154,-2.89390829789356,-2.8199292697445384"
6.8,320,Human,0,36,16,579,-6.8,"-6.764619618279065,-6.862909906121821,-7.0178480517465704,-6.78168705814691"
3.0166666666666666,321,Human,0,39,9,588,-3.0166666666666666,"-3.026258047581458,-3.0932898360643155,-3.1264171773244938,-3.1425195518092046"
2.2,322,Human,0,8,49,593,-2.2,"-2.2074636727799004,-2.225849349652028,-2.3358392128629712,-2.24530507887689"
1.05,323,Human,0,4,50,593,-1.05,"-1.0637359205738501,-1.1702291682966428,-1.201131437525106,-1.192731740863894"
0.55,327,Human,0,16,5,606,-0.55,"-0.554267223292045,-1.694644092338159,-1.0860939048045422,-1.2390377173187488"
4.266666666666667,328,Human,0,7,10,607,-4.266666666666667,"-4.109445020318217,-4.417882914703721,-4.413095737138959,-4.499051067976218"
4.066666666666666,329,Human,0,7,9,610,-4.066666666666666,"-3.079147655733628,-3.698540644108472,-3.69339025199722,-3.657742241420687"
3.95,331,Human,0,7,9,613,-3.95,"-3.511816271541874,-3.710871634491839,-3.765836423678221,-3.833126119002065"
5.15,332,Human,0,7,10,614,-5.15,"-4.795542043056878,-5.04944358947422,-5.049450192065452,-5.0437205470744475"
3.683333333333333,333,Human,1,0,51,615,-3.683333333333333,"-3.3562656599070815,-2.733513594324542,-3.4030680459688316,-3.400143867428414"
3.816666666666667,335,Human,0,53,52,616,-3.816666666666667,"-3.6036114471270495,-3.6685953804655633,-3.7281117989761783,-3.738359596221498"
3.5833333333333335,338,Human,0,11,20,634,-3.5833333333333335,"-3.5303858717804095,-3.571661198964827,-3.7211607155173083,-3.627128240151353"
3.65,340,Human,0,55,20,645,-3.65,"-3.6999379251888316,-3.935871297114959,-3.8648300355246494,-3.7544840552318846"
5.183333333333334,341,Human,0,17,5,645,-5.183333333333334,"-5.19045547940385,-5.198559609158558,-5.218993050139867,-5.214366135955488"
4.6,342,Human,0,56,10,652,-4.6,"-4.954136258932203,-5.852653029758105,-5.926725348183797,-5.742819699722821"
1.8333333333333333,343,Human,0,57,15,653,-1.8333333333333333,"-1.8042930213323682,-2.522278865500964,-1.9117832763054823,-2.4069594432445403"
5.133333333333334,344,Human,1,0,53,667,-5.133333333333334,"-5.277149601922888,-5.1303649845374615,-5.137133389212198,-5.240403969320282"
5.95,346,Human,0,0,2,670,-5.95,"-5.847801065827328,-6.099342286485207,-5.946928143952438,-5.882759589761188"
4.383333333333334,347,Human,3,24,54,673,-4.383333333333334,"-4.718477123305258,-4.353131199646339,-4.768741102186946,-4.287144167359833"
4.5,352,Human,0,7,10,676,-4.5,"-4.238801398128232,-4.279080310046318,-4.413736338090365,-4.428273834970272"
2.5,354,Human,0,0,3,679,-2.5,"-2.5014382292486856,-2.5946329981562997,-2.6255573679041984,-2.539234514283204"
4.1,356,Human,1,13,56,680,-4.1,"-4.102256386527985,-4.055151890841881,-4.106367956468235,-4.107141468153429"
2.4166666666666665,358,Human,0,0,3,680,-2.4166666666666665,"-2.5718875999332584,-2.8597063985250397,-2.6288907012375313,-2.614299747798639"
7.05,359,Human,1,8,10,681,-7.05,"-7.144699034671085,-7.056594757914784,-7.130664348260591,-7.280344787442672"
2.4833333333333334,360,Human,1,1,57,682,-2.4833333333333334,"-2.497711785991779,-2.4791888624819673,-2.5054951256902513,-2.517013389840194"
5.833333333333333,364,Human,3,17,5,686,-5.833333333333333,"-5.507910294904788,-5.507002581089059,-5.508730723967173,-5.498227678731601"
3.466666666666667,367,Human,2,7,58,692,-3.466666666666667,"-3.4854036860341906,-3.4861558494161775,-3.4717584823409067,-3.482709166443211"
4.116666666666666,371,Human,0,22,9,695,-4.116666666666666,"-4.109014928535882,-4.146624172601872,-4.135223798967239,-4.239275244463643"
2.85,372,Human,0,7,9,696,-2.85,"-2.9855987147146523,-3.391588678896089,-3.326624502598736,-3.3378294142740588"
4.0,374,Human,0,7,9,699,-4.0,"-3.1358366570330816,-3.747905140450205,-3.659471958663887,-3.699015126469883"
2.183333333333333,375,Human,3,0,3,706,-2.183333333333333,"-2.219943526760364,-2.2557912476953743,-2.277780043213581,-2.205908239250066"
4.0,376,Human,0,7,9,707,-4.0,"-3.90346922652708,-3.953173961783538,-3.918223766006747,-3.9577817011759073"
1.15,380,Human,0,61,2,715,-1.15,"-1.1527834306942992,-1.2158638879597914,-3.742237715820669,-1.2705845995705698"
5.05,381,Human,0,62,2,721,-5.05,"-5.015947077937027,-5.3288591290123914,-5.321732445288882,-5.3520594736843625"
3.933333333333333,382,Human,1,11,3,726,-3.933333333333333,"-3.985165522817335,-3.937389232788179,-3.9671432140314726,-3.9777915241998323"
3.6333333333333333,383,Human,0,63,5,726,-3.6333333333333333,"-3.6043158159435182,-4.054748086200643,-4.135823186667324,-4.036910658813275"
4.116666666666666,385,Human,2,0,59,729,-4.116666666666666,"-4.34877863237396,-4.120099371758402,-4.118432487288523,-4.209488753349945"
5.366666666666666,386,Human,1,11,3,732,-5.366666666666666,"-5.599202856150668,-5.397920547012988,-5.6275903236468094,-5.4782886860265325"
1.2333333333333334,387,Human,1,65,2,733,-1.2333333333333334,"-1.5444927142923404,-1.2471357264522611,-1.6445111665976686,-1.577538603634398"
2.6333333333333333,389,Human,0,16,12,738,-2.6333333333333333,"-2.6362323715559053,-2.830379892432135,-2.783881221891204,-2.9717732195830093"
4.783333333333333,391,Human,0,67,5,746,-4.783333333333333,"-4.650585859934558,-5.541834800279721,-5.540677720595302,-5.5973602265036"
2.4166666666666665,392,Human,1,68,2,751,-2.4166666666666665,"-2.4400779347338655,-2.3905993170383764,-2.516904755509115,-2.45399546623545"
0.8333333333333334,393,Human,0,69,12,752,-0.8333333333333334,"-0.8401792513166766,-2.1600544465446365,-1.3885305021936782,-1.3882303821456592"
3.5,394,Human,1,70,3,752,-3.5,"-4.164905138007976,-3.5074802121265556,-4.27763636276685,-4.070652108883871"
0.7,395,Human,0,16,5,752,-0.7,"-0.7131617958188855,-1.694644092338159,-1.0860939048045422,-1.2390377173187488"
2.7666666666666666,396,Human,0,32,5,761,-2.7666666666666666,"-2.7702206643369838,-2.8071478275624675,-2.7855285380607913,-2.9027639899732396"
4.583333333333333,397,Human,3,17,5,767,-4.583333333333333,"-4.617005247513337,-4.615671927112913,-4.614552208778891,-4.610713978672511"
3.7333333333333334,398,Human,3,7,4,769,-3.7333333333333334,"-3.760182837178003,-3.750932986550533,-3.778277659613114,-3.7329389785260543"
3.783333333333333,400,Human,3,7,4,772,-3.783333333333333,"-3.811740682448619,-3.8137978587753447,-3.809794603983568,-3.7897885441873065"
2.8333333333333335,401,Human,0,7,9,774,-2.8333333333333335,"-2.8197919373933975,-2.964775310775138,-2.9744341186438583,-3.05601391888649"
5.716666666666667,402,Human,0,0,5,775,-5.716666666666667,"-5.75287792282293,-6.057782138029796,-6.252784498635052,-6.0627552442182395"
3.7666666666666666,404,Human,3,7,4,775,-3.7666666666666666,"-3.764223777170116,-3.7727839342743597,-3.770289851292013,-3.7353817223280914"
5.55,405,Human,0,0,2,776,-5.55,"-5.562331985255969,-5.80731367465339,-5.637045513273883,-5.679670323571335"
4.0,406,Human,0,7,10,777,-4.0,"-3.9571311501354143,-4.210389581370388,-4.292323004757031,-4.308700501636939"
2.8333333333333335,408,Human,0,7,9,779,-2.8333333333333335,"-2.758896987113018,-2.8897086441084716,-2.9497674519771917,-3.011344468442525"
5.683333333333334,412,Human,3,1,10,780,-5.683333333333334,"-5.661803916791518,-5.659724993206373,-5.660126673398148,-5.644987058271683"
3.216666666666667,415,Human,0,4,4,783,-3.216666666666667,"-2.736266061496278,-2.9097039159059013,-2.9333420777304977,-2.9595449558711557"
3.65,417,Human,0,7,4,786,-3.65,"-3.6468531457118973,-3.647922791074609,-3.646868816086292,-3.646951058722326"
1.9,418,Human,1,0,23,787,-1.9,"-1.7369560184068749,-1.573507322667805,-1.7450311779166994,-1.9343259589160755"
4.4,420,Human,1,11,3,789,-4.4,"-4.443670551587202,-4.390699538124917,-4.437367887133959,-4.433516324199832"
5.433333333333334,422,Human,0,0,5,794,-5.433333333333334,"-5.573611269280452,-5.682444270402766,-5.604650779117268,-5.9858373886061305"
5.333333333333333,427,Human,1,0,5,801,-5.333333333333333,"-6.009353034812602,-5.334563580876478,-6.387984112450601,-6.133517388606131"
4.4,430,Human,1,1,1,803,-4.4,"-4.764094820083964,-4.4680219961373755,-4.605961800582264,-4.598181151055471"
1.95,432,Human,3,0,3,805,-1.95,"-2.4702795195549827,-2.5446329981563,-2.5655573679041983,-1.911740379652307"
6.816666666666666,433,Human,0,0,5,807,-6.816666666666666,"-6.829700901226751,-7.135600091191061,-7.120939165301719,-7.19412419537459"
8.25,434,Human,3,0,5,807,-8.25,"-6.772169415779879,-6.934709847694634,-6.802256498635051,-6.7529892620412575"
6.45,438,Human,0,17,5,816,-6.45,"-6.492416122662294,-6.504479645008351,-6.4978613224435415,-6.673881649954728"
3.5,439,Human,3,71,2,816,-3.5,"-3.701024473707836,-3.841045877242186,-3.7914833204700167,-3.4753946820795045"
6.333333333333333,441,Human,0,17,5,818,-6.333333333333333,"-6.331475546069797,-6.3381575182986785,-6.342512465836009,-6.336177804132924"
6.3,442,Human,0,0,2,818,-6.3,"-6.51220290445365,-6.577692078102167,-6.632752179940549,-6.768834925523735"
2.433333333333333,445,Human,1,0,61,822,-2.433333333333333,"-2.0111487200207003,-1.6034103663848809,-2.7209431976042078,-2.114716489907698"
3.5833333333333335,447,Human,0,72,20,832,-3.5833333333333335,"-3.5906250272297253,-3.9414072856747575,-3.99490408333332,-4.008698428227735"
3.466666666666667,449,Human,3,8,63,840,-3.466666666666667,"-3.472168406750167,-3.4892424890410343,-3.5026007526478153,-3.457041405277877"
3.683333333333333,453,Human,0,4,4,853,-3.683333333333333,"-3.6495337961088214,-3.6547336580489564,-3.6496161646253906,-3.8150687717575402"
2.8333333333333335,454,Human,1,8,65,856,-2.8333333333333335,"-2.912773138837144,-2.864471787701417,-2.9017973460803534,-2.927268139319957"
5.066666666666666,456,Human,3,1,1,860,-5.066666666666666,"-5.124718980914241,-5.120785822344775,-5.087780486616317,-5.0673039473546995"
3.0,458,Human,0,13,39,861,-3.0,"-2.965925891789531,-2.974837449202817,-3.139931592507413,-3.0668895757006913"
5.5,460,Human,0,74,10,862,-5.5,"-5.504671556307141,-5.584482121807153,-5.57213027507965,-5.592030944242391"
7.516666666666667,461,Human,0,1,10,862,-7.516666666666667,"-8.076007608448887,-8.273816497257847,-8.22361421829267,-8.236091566613329"
5.916666666666667,462,Human,2,1,10,864,-5.916666666666667,"-7.862409516705055,-7.866283058632782,-7.292477387933727,-7.774044109427619"
5.0,463,Human,3,1,1,866,-5.0,"-5.064847097495357,-5.0233560244260484,-5.026803982408565,-4.9949269935416964"
3.6666666666666665,465,Human,1,7,1,870,-3.6666666666666665,"-3.894557338671233,-3.659300377525369,-3.8083686195833413,-3.7713229446182863"
5.033333333333333,466,Human,3,1,1,870,-5.033333333333333,"-5.0486905887931846,-5.041664199877001,-5.042184113452192,-5.002368515619017"
5.25,469,Human,2,4,2,875,-5.25,"-5.190022378982629,-5.170312760459843,-5.116905928567091,-5.208820722137236"
4.983333333333333,470,Human,3,1,1,876,-4.983333333333333,"-4.972741943861566,-4.970172822136166,-4.97238626872061,-4.9525630207473315"
3.316666666666667,471,Human,1,4,4,877,-3.316666666666667,"-3.271082854051003,-3.2196600180303707,-3.4750322342754387,-3.8159026313635915"
4.616666666666666,472,Human,0,4,12,878,-4.616666666666666,"-4.848368893041067,-4.899200760303309,-4.899342531608668,-4.923486334451295"
2.45,473,Human,2,67,67,884,-2.45,"-2.3959999328276087,-2.3554002812568005,-2.2210516236985907,-2.359223019420206"
4.2,474,Human,0,17,5,887,-4.2,"-5.195392359683985,-5.195429527806661,-5.1954393273012816,-5.197106337838289"
7.083333333333333,477,Human,0,1,10,890,-7.083333333333333,"-7.22811010108534,-7.751236560596512,-7.745786218231371,-7.764532179342816"
4.8,478,Human,2,1,1,892,-4.8,"-4.800169533572877,-4.764932297914441,-4.7108527844944375,-4.819869598609753"
3.066666666666667,481,Human,1,0,4,895,-3.066666666666667,"-3.0746728601654403,-3.065813454953483,-3.0740920427383647,-3.375739847159898"
2.8333333333333335,482,Human,1,11,69,895,-2.8333333333333335,"-2.87525422215958,-2.8535877397344276,-2.963095551779477,-3.3914307195772952"
3.0166666666666666,483,Human,0,8,70,896,-3.0166666666666666,"-3.0251719707193274,-3.0542293557307736,-3.1625506104575747,-3.0603258028913514"
4.883333333333334,484,Human,2,1,1,896,-4.883333333333334,"-5.06232106304786,-4.897551191501961,-4.841580466012167,-5.000142875799555"
5.266666666666667,485,Human,1,0,5,897,-5.266666666666667,"-5.950382771903579,-5.2729887814907945,-5.914778196774251,-5.912018289633007"
5.016666666666667,486,Human,2,4,5,898,-5.016666666666667,"-5.096247669446775,-5.101362592810745,-5.064421198593014,-5.110176073538942"
5.433333333333334,488,Human,0,76,20,899,-5.433333333333334,"-3.555559689846377,-4.193147334085265,-4.154420323931837,-4.099141102573787"
4.983333333333333,489,Human,3,1,1,899,-4.983333333333333,"-5.099244925104955,-5.160548130693463,-5.181208153005429,-5.035128131987737"
4.933333333333334,490,Human,2,4,5,900,-4.933333333333334,"-5.085217183964347,-5.0781748037483645,-5.043486842517474,-5.092702024171767"
3.433333333333333,491,Human,0,77,10,901,-3.433333333333333,"-3.419613090124797,-3.6991716801609464,-3.523786742693463,-3.5373356827459133"
1.2166666666666666,493,Human,1,0,12,902,-1.2166666666666666,"-1.974306947847402,-1.9459529493005647,-1.99164787898264,-2.1619121407211264"
7.883333333333334,494,Human,2,0,5,903,-7.883333333333334,"-6.40503496031968,-6.429528342073799,-6.391354475457235,-6.43990010296634"
7.5,495,Human,2,0,2,904,-7.5,"-6.128332986914251,-6.071301211744416,-6.054837906679479,-6.118665807085654"
4.916666666666667,498,Human,2,4,5,907,-4.916666666666667,"-5.623128756129393,-5.620650337927055,-5.02738160209397,-5.745436539895567"
